cus_id,email,field_1,field_2,field_3,field_4,field_5,field_6,field_7,field_8,field_9,field_10,field_11,created_date
,user@gmail.com,Ram 2,25,160,50,Veg 1500 Calories,Increase weight 5 kgs,heart,Male,Pending,,,
,user@gmail.com,Ram 3,25,160,50,Veg 1500 Calories,Increase weight 5 kgs,heart,Male,Pending,,,
,user@gmail.com,Ram 4,25,160,50,Veg 1500 Calories,Increase weight 5 kgs,heart,Male,Pending,,,
,user@gmail.com,Ram 5,25,160,50,Veg 1500 Calories,Increase weight 5 kgs,heart,Male,Pending,,,
,user@gmail.com,Ram 6,25,160,50,Veg 1500 Calories,Increase weight 5 kgs,heart,Male,Pending,,,
,user@gmail.com,Ram 7,25,160,50,Veg 1500 Calories,Increase weight 5 kgs,heart,Male,Pending,,,
,user@gmail.com,Ram 8,25,160,50,Veg 1500 Calories,Increase weight 5 kgs,heart,Male,Pending,,,
,user@gmail.com,Ram 9,25,160,50,Veg 1500 Calories,Increase weight 5 kgs,heart,Male,Pending,,,
,user@gmail.com,Ram 10,25,160,50,Veg 1500 Calories,Increase weight 5 kgs,heart,Male,Pending,,,
,user@gmail.com,Ram 11,25,160,50,Veg 1500 Calories,Increase weight 5 kgs,heart,Male,Pending,,,
,user@gmail.com,Ram 12,25,160,50,Veg 1500 Calories,Increase weight 5 kgs,heart,Male,Pending,,,
,user@gmail.com,Ram 13,25,160,50,Veg 1500 Calories,Increase weight 5 kgs,heart,Male,Pending,,,
,user@gmail.com,Ram 14,25,160,55,Veg 1500 Calories,Increase weight 5 kgs,heart,Male,Pending,,,
,user@gmail.com,Ram 15,25,160,55,Veg 1500 Calories,Increase weight 5 kgs,heart,Male,Pending,,,
,user@gmail.com,Ram 16,25,160,55,Veg 1500 Calories,Increase weight 5 kgs,Lung,Male,Pending,,,
,user@gmail.com,Ram 17,25,160,55,Veg 1500 Calories,Increase weight 5 kgs,Lung,Male,Pending,,,
,user@gmail.com,Ram 18,25,160,55,Veg 1500 Calories,Increase weight 5 kgs,Lung,Male,Pending,,,
,user@gmail.com,Ram 19,35,160,55,Veg 1500 Calories,Increase weight 5 kgs,Lung,Male,Pending,,,
,user@gmail.com,Ram 20,35,160,55,Veg 1500 Calories,Increase weight 5 kgs,Lung,Male,Pending,,,
,user@gmail.com,Ram 21,35,160,55,Veg 1500 Calories,Increase weight 5 kgs,Lung,Male,Pending,,,
,user@gmail.com,Ram 22,35,160,55,Veg 1500 Calories,Increase weight 5 kgs,Lung,Male,Pending,,,
,user@gmail.com,Ram 23,35,160,55,Veg 1500 Calories,Increase weight 5 kgs,Lung,Male,Pending,,,
,user@gmail.com,Ram 24,35,160,55,Veg 1500 Calories,Increase weight 5 kgs,Lung,Male,Pending,,,
,user@gmail.com,Ram 25,35,160,55,Veg 1500 Calories,Increase weight 5 kgs,Lung,Male,Pending,,,
,user@gmail.com,Ram 26,35,160,55,Veg 1500 Calories,Increase weight 5 kgs,skin,Female,Pending,,,
,user@gmail.com,Ram 27,35,160,55,Veg 1500 Calories,Increase weight 5 kgs,skin,Female,Pending,,,
,user@gmail.com,Ram 28,35,160,55,Veg 1500 Calories,Increase weight 5 kgs,skin,Female,Pending,,,
,user@gmail.com,Ram 29,35,160,55,Veg 1500 Calories,Increase weight 5 kgs,skin,Female,Pending,,,
,user@gmail.com,Ram 30,55,160,55,Veg 1500 Calories,Increase weight 5 kgs,skin,Female,Pending,,,
,user@gmail.com,Ram 31,55,160,55,Veg 1500 Calories,Increase weight 5 kgs,skin,Female,Pending,,,
,user@gmail.com,Ram 32,55,160,55,Veg 1500 Calories,Increase weight 5 kgs,skin,Female,Pending,,,
,user@gmail.com,Ram 33,55,160,55,Veg 1500 Calories,Increase weight 5 kgs,skin,Female,Pending,,,
,user@gmail.com,Ram 34,55,160,55,Veg 1500 Calories,Increase weight 5 kgs,skin,Female,Pending,,,
,user@gmail.com,Ram 35,55,160,55,Veg 1500 Calories,Increase weight 5 kgs,General,Female,Pending,,,
,user@gmail.com,Ram 36,55,160,55,Veg 1500 Calories,Increase weight 5 kgs,General,Female,Pending,,,
,user@gmail.com,Ram 37,55,160,55,Veg 1500 Calories,Increase weight 5 kgs,General,Female,Pending,,,
,user@gmail.com,Ram 38,55,160,55,Veg 1500 Calories,Increase weight 5 kgs,General,Female,Pending,,,
,user@gmail.com,Ram 39,55,160,55,Veg 1500 Calories,Increase weight 5 kgs,General,Female,Pending,,,
,user@gmail.com,Ram 40,55,160,55,Veg 1500 Calories,Increase weight 5 kgs,General,Female,Pending,,,
,user@gmail.com,Ram 41,55,160,55,Veg 1500 Calories,Increase weight 5 kgs,General,Female,Pending,,,
,user@gmail.com,Ram 42,70,160,65,Veg 1500 Calories,Increase weight 5 kgs,General,Female,Pending,,,
,user@gmail.com,Ram 43,70,160,65,Veg 1500 Calories,Increase weight 5 kgs,General,Female,Pending,,,
,user@gmail.com,Ram 44,70,160,65,Veg 1500 Calories,Increase weight 5 kgs,Tooth,Female,Pending,,,
,user@gmail.com,Ram 45,70,160,65,Veg 1500 Calories,Increase weight 5 kgs,Tooth,Female,Pending,,,
,user@gmail.com,Ram 46,70,160,65,Veg 1500 Calories,Increase weight 5 kgs,Tooth,Female,Pending,,,
,user@gmail.com,Ram 47,70,160,65,Veg 1500 Calories,Increase weight 5 kgs,Tooth,Female,Pending,,,
,user@gmail.com,Ram 48,70,160,65,Veg 1500 Calories,Increase weight 5 kgs,Tooth,Female,Pending,,,
,user@gmail.com,Ram 49,70,160,65,Veg 1500 Calories,Increase weight 5 kgs,Tooth,Female,Pending,,,
,user@gmail.com,Ram 50,70,160,65,Veg 1500 Calories,Increase weight 5 kgs,Tooth,Female,Pending,,,
,user@gmail.com,Ram 51,70,160,65,Veg 1500 Calories,Increase weight 5 kgs,Tooth,Female,Pending,,,
,user@gmail.com,Ram 52,70,160,65,Veg 1500 Calories,Increase weight 5 kgs,Tooth,Male,Pending,,,
,user@gmail.com,Ram 53,70,160,65,Veg 1500 Calories,Increase weight 5 kgs,Tooth,Male,Pending,,,
,user@gmail.com,Ram 54,70,160,65,Veg 1500 Calories,Increase weight 5 kgs,Tooth,Male,Pending,,,
,user@gmail.com,Ram 55,70,160,65,Veg 1500 Calories,Increase weight 5 kgs,Tooth,Male,Pending,,,
,user@gmail.com,Ram 56,70,160,65,Veg 1500 Calories,Increase weight 5 kgs,Tooth,Male,Pending,,,
,user@gmail.com,Ram 57,70,160,65,Veg 1500 Calories,Increase weight 5 kgs,Tooth,Male,Pending,,,
,user@gmail.com,Ram 58,70,160,65,Veg 1500 Calories,Increase weight 5 kgs,Eye,Male,Pending,,,
,user@gmail.com,Ram 59,70,160,65,Veg 1500 Calories,Increase weight 5 kgs,Eye,Male,Pending,,,
,user@gmail.com,Ram 60,70,160,65,Veg 1500 Calories,Increase weight 5 kgs,Eye,Male,Pending,,,
,user@gmail.com,Ram 61,70,160,80,Veg 1500 Calories,Increase weight 5 kgs,Eye,Male,Pending,,,
,user@gmail.com,Ram 62,70,160,80,Veg 1500 Calories,Increase weight 5 kgs,Eye,Male,Pending,,,
,user@gmail.com,Ram 63,70,160,80,Veg 1500 Calories,Increase weight 5 kgs,Eye,Male,Pending,,,
,user@gmail.com,Ram 64,70,160,80,Veg 1500 Calories,Increase weight 5 kgs,Eye,Male,Pending,,,
,user@gmail.com,Ram 65,70,160,80,Veg 1500 Calories,Increase weight 5 kgs,Eye,Male,Pending,,,
,user@gmail.com,Ram 66,70,160,80,Veg 1500 Calories,Increase weight 5 kgs,Eye,Male,Pending,,,
,user@gmail.com,Ram 67,70,160,80,Veg 1500 Calories,Increase weight 5 kgs,Eye,Male,Pending,,,
,user@gmail.com,Ram 68,70,160,80,Veg 1500 Calories,Increase weight 5 kgs,Eye,Male,Pending,,,
,user@gmail.com,Ram 69,70,160,80,Veg 1500 Calories,Increase weight 5 kgs,Bone,Male,Pending,,,
,user@gmail.com,Ram 70,43,160,80,Veg 1500 Calories,Increase weight 5 kgs,Bone,Male,Pending,,,
,user@gmail.com,Ram 71,43,160,80,Veg 1500 Calories,Increase weight 5 kgs,Bone,Male,Pending,,,
,user@gmail.com,Ram 72,43,160,80,Veg 1500 Calories,Increase weight 5 kgs,Bone,Male,Pending,,,
,user@gmail.com,Ram 73,43,160,80,Veg 1500 Calories,Increase weight 5 kgs,Bone,Male,Pending,,,
,user@gmail.com,Ram 74,43,160,80,Veg 1500 Calories,Increase weight 5 kgs,Bone,Male,Pending,,,
,user@gmail.com,Ram 75,43,160,80,Veg 1500 Calories,Increase weight 5 kgs,Bone,Male,Pending,,,
,user@gmail.com,Ram 76,43,160,80,Veg 1500 Calories,Increase weight 5 kgs,Bone,Male,Pending,,,
,user@gmail.com,Ram 77,43,160,80,Veg 1500 Calories,Increase weight 5 kgs,Bone,Male,Pending,,,
,user@gmail.com,Ram 78,43,160,80,Veg 1500 Calories,Increase weight 5 kgs,Bone,Male,Pending,,,
,user@gmail.com,Ram 79,43,160,80,Veg 1500 Calories,Increase weight 5 kgs,Bone,Male,Pending,,,
,user@gmail.com,Ram 80,43,160,80,Veg 1500 Calories,Increase weight 5 kgs,Bone,Male,Pending,,,
,user@gmail.com,Ram 81,43,160,80,Veg 1500 Calories,Increase weight 5 kgs,Bone,Male,Pending,,,
,user@gmail.com,Ram 82,43,160,80,Veg 1500 Calories,Increase weight 5 kgs,Bone,Male,Pending,,,
,user@gmail.com,Ram 83,43,160,80,Veg 1500 Calories,Increase weight 5 kgs,Bone,Male,Pending,,,
,user@gmail.com,Ram 84,43,160,80,Veg 1500 Calories,Increase weight 5 kgs,Bone,Male,Pending,,,
,user@gmail.com,Ram 85,43,160,80,Veg 1500 Calories,Increase weight 5 kgs,Bone,Male,Pending,,,
,user@gmail.com,Ram 86,43,160,80,Veg 1500 Calories,Increase weight 5 kgs,Bone,Male,Pending,,,
,user@gmail.com,Ram 87,43,160,80,Veg 1500 Calories,Increase weight 5 kgs,Bone,Male,Pending,,,
,user@gmail.com,Ram 88,43,160,80,Veg 1500 Calories,Increase weight 5 kgs,Bone,Male,Pending,,,
,user@gmail.com,Ram 89,43,160,80,Veg 1500 Calories,Increase weight 5 kgs,Bone,Male,Pending,,,
,user@gmail.com,Ram 90,43,160,80,Veg 1500 Calories,Increase weight 5 kgs,Bone,Male,Pending,,,
,user@gmail.com,Ram 91,43,160,80,Veg 1500 Calories,Increase weight 5 kgs,Bone,Male,Pending,,,
,user@gmail.com,Ram 92,43,160,80,Veg 1500 Calories,Increase weight 5 kgs,Bone,Male,Pending,,,
,user@gmail.com,Ram 93,43,160,80,Veg 1500 Calories,Increase weight 5 kgs,Bone,Male,Pending,,,
,user@gmail.com,Ram 94,43,160,80,Veg 1500 Calories,Increase weight 5 kgs,Bone,Male,Pending,,,
,user@gmail.com,Ram 95,43,160,80,Veg 1500 Calories,Increase weight 5 kgs,Bone,Male,Pending,,,
,user@gmail.com,Ram 96,43,140,80,Veg 1500 Calories,Increase weight 5 kgs,Bone,Male,Pending,,,
,user@gmail.com,Ram 97,43,140,80,Veg 1500 Calories,Increase weight 5 kgs,Bone,Male,Pending,,,
,user@gmail.com,Ram 98,43,140,80,Veg 1500 Calories,Increase weight 5 kgs,Bone,Male,Pending,,,
,user@gmail.com,Ram 99,43,140,80,Veg 1500 Calories,Increase weight 5 kgs,Bone,Male,Pending,,,
,user@gmail.com,Ram 100,43,140,80,Veg 1500 Calories,Increase weight 5 kgs,Bone,Male,Pending,,,
,user@gmail.com,Ram 101,43,140,80,Veg 1500 Calories,Increase weight 5 kgs,Bone,Male,Pending,,,
,user@gmail.com,Ram 102,43,140,80,Veg 1500 Calories,Increase weight 5 kgs,Bone,Male,Pending,,,
,user@gmail.com,Ram 103,43,140,80,Veg 1500 Calories,Increase weight 5 kgs,Bone,Male,Pending,,,
,user@gmail.com,Ram 104,43,140,80,Veg 1500 Calories,Increase weight 5 kgs,Bone,Male,Pending,,,
,user@gmail.com,Ram 105,43,140,80,Veg 1500 Calories,Increase weight 5 kgs,Bone,Male,Pending,,,
,user@gmail.com,Ram 106,43,140,80,Veg 1500 Calories,Increase weight 5 kgs,Bone,Male,Pending,,,
,user@gmail.com,Ram 107,43,140,80,Veg 1500 Calories,Increase weight 5 kgs,Bone,Male,Pending,,,
,user@gmail.com,Ram 108,43,140,80,Veg 1500 Calories,Increase weight 5 kgs,Bone,Male,Pending,,,
,user@gmail.com,Ram 109,43,140,80,Veg 1500 Calories,Increase weight 5 kgs,Bone,Male,Pending,,,
,user@gmail.com,Ram 110,43,140,80,Veg 1500 Calories,Increase weight 5 kgs,Bone,Male,Pending,,,
,user@gmail.com,Ram 111,43,140,80,Veg 1500 Calories,Increase weight 5 kgs,Bone,Male,Pending,,,
,user@gmail.com,Ram 112,43,140,80,Veg 1500 Calories,Increase weight 5 kgs,Bone,Male,Pending,,,
,user@gmail.com,Ram 113,43,140,80,Veg 1500 Calories,Increase weight 5 kgs,Bone,Male,Pending,,,
,user@gmail.com,Ram 114,43,140,80,Veg 1500 Calories,Increase weight 5 kgs,Bone,Male,Pending,,,
,user@gmail.com,Ram 115,43,140,80,Veg 1500 Calories,Increase weight 5 kgs,Bone,Male,Pending,,,
,user@gmail.com,Ram 116,43,140,80,Veg 1500 Calories,Increase weight 5 kgs,Bone,Male,Pending,,,
,user@gmail.com,Ram 117,43,190,80,Veg 1500 Calories,Increase weight 5 kgs,Bone,Male,Pending,,,
,user@gmail.com,Ram 118,43,190,80,Veg 1500 Calories,Increase weight 5 kgs,Bone,Male,Pending,,,
,user@gmail.com,Ram 119,43,190,80,Veg 1500 Calories,Increase weight 5 kgs,Bone,Male,Pending,,,
,user@gmail.com,Ram 120,43,190,80,Veg 1500 Calories,Increase weight 5 kgs,Bone,Male,Pending,,,
,user@gmail.com,Ram 121,43,190,80,Veg 1500 Calories,Increase weight 5 kgs,Bone,Male,Pending,,,
,user@gmail.com,Ram 122,43,190,80,Veg 1500 Calories,Increase weight 5 kgs,Bone,Male,Pending,,,
,user@gmail.com,Ram 123,43,190,80,Veg 1500 Calories,Increase weight 5 kgs,Bone,Male,Pending,,,
,user@gmail.com,Ram 124,43,190,80,Veg 1500 Calories,Increase weight 5 kgs,Bone,Male,Pending,,,
,user@gmail.com,Ram 125,43,190,80,Veg 1500 Calories,Increase weight 5 kgs,Bone,Male,Pending,,,
,user@gmail.com,Ram 126,43,190,80,Veg 1500 Calories,Increase weight 5 kgs,Bone,Male,Pending,,,
,user@gmail.com,Ram 127,43,190,80,Veg 1500 Calories,Increase weight 5 kgs,Bone,Male,Pending,,,
,user@gmail.com,Ram 128,43,190,,Veg 1500 Calories,Increase weight 5 kgs,Bone,Male,Pending,,,
